{
  "modifier": "extratrait",
  "text": [
    {
      "text": "放置一个工具部件，并将其“浮雕”在另一个工具上！有点像替换工具部件，不过要更棒一些！这个工具将会额外获得部件的强化性能（但是不获取相关数据）。"
    }
  ],
  "effects": [
    "获得另一个部件的属性",
    "效果类似与部件替换",
    "浮雕强化是永久的，无法被改变",
    "不需要强化槽"
  ],
  "demoTool": [
    "tconstruct:pickaxe"
  ]
}
